,ID,RA,DEC
0,54.0,53.1061542,-27.9516099
1,109.0,53.1050986,-27.9461143
2,258.0,53.1363615,-27.939223
3,274.0,53.0907378,-27.9395666
4,357.0,53.1000788,-27.9361716
5,366.0,53.1002665,-27.9364523
6,371.0,53.0917077,-27.9360139
7,377.0,53.0832739,-27.935494
8,465.0,53.1400962,-27.9329165
9,494.0,53.1088667,-27.9316467
10,502.0,53.1617395,-27.9313224
11,535.0,53.1603935,-27.9303818
12,540.0,53.1102342,-27.9304933
13,550.0,53.1713052,-27.9301465
14,559.0,53.1752037,-27.9296252
15,570.0,53.105818,-27.9296013
16,603.0,53.1079245,-27.9286164
17,624.0,53.1493359,-27.9280912
18,627.0,53.1447578,-27.9284242
19,653.0,53.1606708,-27.9269761
20,672.0,53.1541318,-27.9265603
21,688.0,53.1661602,-27.9260893
22,710.0,53.1763592,-27.9255439
23,719.0,53.1750134,-27.9250638
24,745.0,53.1815953,-27.9241705
25,750.0,53.1550117,-27.9245455
26,777.0,53.1572525,-27.9234768
27,792.0,53.1670842,-27.9236863
28,798.0,53.1662482,-27.9228002
29,814.0,53.138987,-27.9224729
30,820.0,53.1560019,-27.922856
31,821.0,53.1694304,-27.922472
32,840.0,53.1716783,-27.9218356
33,842.0,53.1479173,-27.9217322
34,866.0,53.1128163,-27.9211476
35,867.0,53.2099654,-27.9210261
36,874.0,53.1755427,-27.9206644
37,881.0,53.180269,-27.9208566
38,899.0,53.1799269,-27.9206841
39,905.0,53.1473305,-27.9197982
40,908.0,53.1608589,-27.9198727
41,931.0,53.1160929,-27.9193868
42,939.0,53.1560466,-27.9191765
43,975.0,53.2075134,-27.9183163
44,1005.0,53.1733321,-27.917719
45,1031.0,53.162973,-27.9168822
46,1042.0,53.1636465,-27.9166946
47,1047.0,53.15992,-27.9165132
48,1052.0,53.1837868,-27.9162821
49,1054.0,53.1831468,-27.9176626
50,1057.0,53.1933607,-27.9161284
51,1064.0,53.159923,-27.9160917
52,1084.0,53.1936923,-27.9155864
53,1109.0,53.1390993,-27.9152572
54,1125.0,53.1683887,-27.9149755
55,1138.0,53.1708334,-27.9146636
56,1153.0,53.1504334,-27.9142909
57,1180.0,53.1724546,-27.9136475
58,1185.0,53.1703597,-27.9136667
59,1194.0,53.1672023,-27.9144033
60,1244.0,53.1953882,-27.9136237
61,1266.0,53.1637334,-27.9120514
62,1280.0,53.2025002,-27.9112634
63,1289.0,53.1635124,-27.9111888
64,1308.0,53.1723797,-27.9111932
65,1314.0,53.2153861,-27.9110418
66,1339.0,53.1830987,-27.910283
67,1341.0,53.2092354,-27.9102554
68,1354.0,53.2024509,-27.9097746
69,1364.0,53.220853,-27.9097545
70,1392.0,53.1676653,-27.9094734
71,1455.0,53.1886109,-27.9080574
72,1482.0,53.1484221,-27.9082326
73,1483.0,53.1485934,-27.9076348
74,1506.0,53.2112307,-27.9082988
75,1542.0,53.1623916,-27.9063386
76,1556.0,53.1619967,-27.9066958
77,1558.0,53.1883601,-27.9058495
78,1560.0,53.2043544,-27.9059092
79,1623.0,53.1837407,-27.9044862
80,1643.0,53.1843529,-27.9041863
81,1646.0,53.1785248,-27.904294
82,1647.0,53.1553719,-27.9042681
83,1661.0,53.2128673,-27.9041911
84,1732.0,53.2242578,-27.9026498
85,1740.0,53.0923806,-27.9027095
86,1794.0,53.1556238,-27.9018014
87,1845.0,53.1330195,-27.9008636
88,1860.0,53.1760937,-27.9005442
89,1883.0,53.1697792,-27.9007874
90,1884.0,53.2114299,-27.9003002
91,1886.0,53.1145592,-27.9006907
92,1888.0,53.1720253,-27.900079
93,1898.0,53.1545002,-27.8998929
94,1907.0,53.1906069,-27.9003468
95,1909.0,53.1709126,-27.9004743
96,1926.0,53.1188104,-27.9001856
97,1929.0,53.2375839,-27.8999693
98,1942.0,53.0825867,-27.8995528
99,1946.0,53.0896156,-27.8999049
100,1986.0,53.15946,-27.8989329
101,1997.0,53.2027929,-27.8988436
102,2000.0,53.1688809,-27.8983019
103,2007.0,53.1857665,-27.8986621
104,2043.0,53.1877874,-27.898276
105,2065.0,53.1493373,-27.8974677
106,2109.0,53.1793424,-27.8973797
107,2136.0,53.1618938,-27.8970884
108,2179.0,53.1610366,-27.896071
109,2210.0,53.1897661,-27.8953694
110,2218.0,53.2003828,-27.8952568
111,2227.0,53.1890237,-27.8959937
112,2231.0,53.1283221,-27.895716
113,2236.0,53.1527613,-27.8953202
114,2255.0,53.1927567,-27.8945703
115,2269.0,53.1610995,-27.8944989
116,2278.0,53.2328259,-27.8946637
117,2292.0,53.1602079,-27.8945406
118,2296.0,53.1589591,-27.8944319
119,2298.0,53.2172577,-27.8941337
120,2308.0,53.2113565,-27.8937661
121,2322.0,53.1834795,-27.8938882
122,2324.0,53.1360842,-27.8937852
123,2349.0,53.196684,-27.8934798
124,2361.0,53.2111908,-27.8936461
125,2365.0,53.1412225,-27.8931878
126,2456.0,53.212662,-27.891739
127,2498.0,53.1857089,-27.8911472
128,2500.0,53.113311,-27.891269
129,2513.0,53.0952212,-27.89176
130,2520.0,53.1276738,-27.8910047
131,2567.0,53.187452,-27.8902436
132,2576.0,53.2413972,-27.8903643
133,2580.0,53.2547135,-27.8901565
134,2644.0,53.1645038,-27.8903886
135,2679.0,53.2577037,-27.8888733
136,2684.0,53.1601801,-27.8891938
137,2691.0,53.2557205,-27.8887622
138,2699.0,53.208537,-27.888714
139,2742.0,53.2128142,-27.8887476
140,2744.0,53.2106344,-27.8883668
141,2753.0,53.2133737,-27.8882541
142,2766.0,53.1882219,-27.8886634
143,2825.0,53.2664419,-27.8872418
144,2841.0,53.2447701,-27.8867353
145,2845.0,53.266235,-27.8867892
146,2887.0,53.2275177,-27.8863916
147,2912.0,53.2678862,-27.8859711
148,2923.0,53.2446033,-27.8864013
149,2926.0,53.1380785,-27.8872021
150,2933.0,53.2700247,-27.8858929
151,2941.0,53.2357533,-27.8856709
152,2954.0,53.202948,-27.8857416
153,2959.0,53.243963,-27.88553
154,3008.0,53.1899901,-27.8848914
155,3074.0,53.2481396,-27.8842409
156,3102.0,53.243237,-27.8836909
157,3169.0,53.2234065,-27.8831532
158,3175.0,53.2615417,-27.8829587
159,3194.0,53.2281868,-27.8827831
160,3200.0,53.1685747,-27.8831328
161,3211.0,53.1733667,-27.883164
162,3227.0,53.1056669,-27.8826077
163,3268.0,53.26081,-27.8817711
164,3280.0,53.0606151,-27.8823723
165,3304.0,53.082109,-27.8819673
166,3347.0,53.0878722,-27.8813031
167,3382.0,53.2645855,-27.8805535
168,3397.0,53.1390735,-27.8806543
169,3506.0,53.2566515,-27.8792497
170,3560.0,53.2613746,-27.8786598
171,3593.0,53.2578701,-27.8785372
172,3594.0,53.1616492,-27.8784807
173,3643.0,53.0760044,-27.8781615
174,3644.0,53.1240263,-27.8785606
175,3656.0,53.0653613,-27.8785831
176,3666.0,53.2665176,-27.8778831
177,3746.0,53.2441442,-27.8768014
178,3750.0,53.2588567,-27.8766511
179,3790.0,53.0840807,-27.8773207
180,3792.0,53.2487897,-27.8763019
181,3796.0,53.1872488,-27.8764877
182,3852.0,53.1988998,-27.8762926
183,3895.0,53.202787,-27.8754442
184,3926.0,53.1302349,-27.8752374
185,3927.0,53.2468662,-27.8752482
186,3937.0,53.1963297,-27.8750919
187,3964.0,53.1661452,-27.874666
188,3971.0,53.0775917,-27.8748482
189,4061.0,53.1339882,-27.8742957
190,4140.0,53.2107931,-27.8739479
191,4204.0,53.1863168,-27.8728871
192,4235.0,53.2510609,-27.8721696
193,4237.0,53.2411126,-27.8724225
194,4260.0,53.2496144,-27.8719026
195,4291.0,53.2427327,-27.8719853
196,4331.0,53.071936,-27.8721088
197,4339.0,53.2541882,-27.8712962
198,4451.0,53.1873858,-27.8703901
199,4526.0,53.1573424,-27.8700866
200,4689.0,53.1224958,-27.8683679
201,4717.0,53.0617586,-27.867944
202,4773.0,53.1278608,-27.8674939
203,4820.0,53.0574308,-27.8674372
204,4876.0,53.0682135,-27.867
205,4932.0,53.1381316,-27.8654938
206,5001.0,53.0972362,-27.8657923
207,5032.0,53.2294555,-27.8644071
208,5128.0,53.1953321,-27.8633367
209,5158.0,53.1402899,-27.8634506
210,5197.0,53.1117644,-27.8627793
211,5529.0,53.1670541,-27.858942
212,5536.0,53.237326,-27.8592696
213,5552.0,53.0677463,-27.8591878
214,5559.0,53.2222133,-27.8585777
215,5608.0,53.1221543,-27.8582715
216,5641.0,53.1508519,-27.8583122
217,5843.0,53.1708814,-27.8562506
218,5868.0,53.1559794,-27.8559071
219,5904.0,53.0831805,-27.8561371
220,5986.0,53.0600832,-27.8546707
221,6024.0,53.1023365,-27.8543693
222,6118.0,53.0823342,-27.8536062
223,6129.0,53.2141713,-27.8530262
224,6278.0,53.0601149,-27.8529957
225,6300.0,53.2083236,-27.851431
226,6392.0,53.140705,-27.8505867
227,6463.0,53.0887672,-27.8504373
228,6549.0,53.0890355,-27.8490533
229,6588.0,53.1370532,-27.8500632
230,6664.0,53.1930509,-27.8480485
231,6676.0,53.0923032,-27.8479525
232,6730.0,53.0697631,-27.8475815
233,6752.0,53.0763996,-27.8486643
234,6780.0,53.0745639,-27.8472601
235,6839.0,53.0616187,-27.8462506
236,6895.0,53.094982,-27.8457816
237,6950.0,53.1562578,-27.8454768
238,6954.0,53.1103263,-27.8455952
239,7008.0,53.1378945,-27.8449699
240,7025.0,53.0637197,-27.8446244
241,7055.0,53.1227598,-27.8483046
242,7057.0,53.1938355,-27.8442792
243,7071.0,53.1372069,-27.8446494
244,7079.0,53.0896852,-27.8446014
245,7129.0,53.1935775,-27.8435125
246,7172.0,53.1939599,-27.8431947
247,7243.0,53.1018424,-27.8428
248,7259.0,53.1716707,-27.8424495
249,7308.0,53.0751522,-27.841774
250,7371.0,53.0998916,-27.8419381
251,7490.0,53.1190817,-27.8425475
252,7502.0,53.0721502,-27.84028
253,7545.0,53.0419835,-27.8396441
254,7552.0,53.2214517,-27.8400806
255,7578.0,53.0976352,-27.8402654
256,7638.0,53.031338,-27.8390613
257,7666.0,53.0410796,-27.8387053
258,7706.0,53.0841723,-27.8381416
259,7743.0,53.1896044,-27.8383936
260,8017.0,53.1864818,-27.8361155
261,8084.0,53.2110226,-27.8362975
262,8206.0,53.1435897,-27.8347056
263,8211.0,53.1698723,-27.8340916
264,8217.0,53.0705879,-27.8344667
265,8231.0,53.2197633,-27.8338229
266,8282.0,53.1501914,-27.8345311
267,8387.0,53.1014556,-27.8326823
268,8409.0,53.1572379,-27.8334458
269,8464.0,53.0733147,-27.8323651
270,8480.0,53.1814925,-27.8317962
271,8580.0,53.0678305,-27.8320754
272,8622.0,53.1327649,-27.8305947
273,8649.0,53.1463634,-27.8303583
274,8701.0,53.1804835,-27.8297462
275,8725.0,53.1308566,-27.8298509
276,8740.0,53.1676482,-27.8303676
277,8744.0,53.0313419,-27.8294841
278,8749.0,53.0345877,-27.8292781
279,8750.0,53.1628748,-27.8294671
280,8794.0,53.188313,-27.8293422
281,8823.0,53.1643798,-27.8286004
282,8833.0,53.030641,-27.8283215
283,8868.0,53.075513,-27.828314
284,8874.0,53.0787007,-27.8282639
285,8979.0,53.147109,-27.8277928
286,9051.0,53.1562087,-27.8267688
287,9067.0,53.169736,-27.8266286
288,9105.0,53.1551231,-27.8264733
289,9139.0,53.1626769,-27.8258348
290,9246.0,53.1413766,-27.8256965
291,9295.0,53.1716964,-27.8256599
292,9343.0,53.1671486,-27.824497
293,9358.0,53.1247187,-27.8245184
294,9392.0,53.0881543,-27.8238295
295,9407.0,53.1706133,-27.823788
296,9433.0,53.0261177,-27.8235025
297,9474.0,53.1697823,-27.8239387
298,9497.0,53.0817203,-27.8228807
299,9527.0,53.1567344,-27.8230665
300,9530.0,53.10379,-27.8232635
301,9557.0,53.0250097,-27.8226762
302,9623.0,53.0467012,-27.8220305
303,9651.0,53.0459133,-27.8221626
304,9655.0,53.1290871,-27.8216359
305,9705.0,53.0869807,-27.8211359
306,9793.0,53.03047,-27.8209999
307,9799.0,53.0718581,-27.8207039
308,9835.0,53.1734329,-27.8202831
309,9864.0,53.1483373,-27.8199081
310,9867.0,53.1729234,-27.8197987
311,9887.0,53.0278103,-27.8194708
312,9889.0,53.180146,-27.8206011
313,9935.0,53.0488284,-27.8197995
314,9983.0,53.2223306,-27.8197068
315,9995.0,53.0325725,-27.8187769
316,9996.0,53.1021645,-27.818911
317,10014.0,53.0588938,-27.8195009
318,10030.0,53.1667971,-27.8184969
319,10035.0,53.044367,-27.8185285
320,10050.0,53.0342624,-27.818341
321,10077.0,53.1640717,-27.8178928
322,10083.0,53.1472277,-27.8179516
323,10171.0,53.1123555,-27.8171143
324,10208.0,53.1781785,-27.8169289
325,10220.0,53.1758026,-27.8165568
326,10242.0,53.0305381,-27.8166635
327,10243.0,53.1625223,-27.8165485
328,10316.0,53.1622147,-27.8157754
329,10322.0,53.1782855,-27.8158139
330,10338.0,53.2034088,-27.8160148
331,10381.0,53.033061,-27.8151876
332,10395.0,53.1472906,-27.8151581
333,10404.0,53.2155302,-27.8152892
334,10433.0,53.1048051,-27.8146102
335,10437.0,53.1763436,-27.8147565
336,10442.0,53.0716423,-27.8148687
337,10446.0,53.091459,-27.8154466
338,10469.0,53.0813005,-27.8155628
339,10476.0,53.1578251,-27.8147568
340,10528.0,53.1634714,-27.8138459
341,10553.0,53.0483146,-27.8139284
342,10576.0,53.0459434,-27.8137118
343,10578.0,53.1652828,-27.814068
344,10590.0,53.0974213,-27.8134283
345,10602.0,53.1421448,-27.8137687
346,10634.0,53.1591577,-27.8137533
347,10663.0,53.1298318,-27.8133847
348,10698.0,53.1136781,-27.812728
349,10727.0,53.0451019,-27.8125551
350,10737.0,53.033681,-27.8119662
351,10752.0,53.1822105,-27.8117117
352,10767.0,53.1793465,-27.8125078
353,10769.0,53.2098978,-27.8119791
354,10790.0,53.1874046,-27.8122427
355,10879.0,53.1516586,-27.8108765
356,10918.0,53.0358043,-27.8109192
357,10973.0,53.1858293,-27.8099656
358,11006.0,53.1694184,-27.8103181
359,11023.0,53.04874,-27.8093244
360,11027.0,53.1722964,-27.8097405
361,11031.0,53.0231993,-27.8093557
362,11057.0,53.1382617,-27.809328
363,11061.0,53.0790399,-27.8094912
364,11079.0,53.16322,-27.8089867
365,11080.0,53.1549264,-27.8093997
366,11104.0,53.1571462,-27.8088078
367,11123.0,53.1288041,-27.8089509
368,11128.0,53.1836753,-27.8084068
369,11142.0,53.0927618,-27.8091111
370,11143.0,53.215537,-27.8088305
371,11160.0,53.1059386,-27.8084008
372,11161.0,53.1748494,-27.8079716
373,11173.0,53.1682894,-27.8081985
374,11203.0,53.1337206,-27.8078814
375,11204.0,53.1647367,-27.8079099
376,11210.0,53.1736624,-27.8082417
377,11288.0,53.1755476,-27.8068993
378,11342.0,53.1784385,-27.8065345
379,11350.0,53.0874915,-27.8066068
380,11382.0,53.1732132,-27.8061564
381,11388.0,53.1460503,-27.806446
382,11398.0,53.0867401,-27.8062218
383,11445.0,53.1529146,-27.8057627
384,11460.0,53.1829701,-27.806555
385,11465.0,53.0276845,-27.8054541
386,11521.0,53.1184437,-27.8053157
387,11539.0,53.0438949,-27.8048854
388,11571.0,53.17171,-27.8045614
389,11592.0,53.0516475,-27.8045999
390,11597.0,53.1496417,-27.8047953
391,11629.0,53.1707521,-27.8046888
392,11653.0,53.1407396,-27.803992
393,11693.0,53.186639,-27.8036685
394,11695.0,53.1690495,-27.8037212
395,11706.0,53.1544574,-27.8040279
396,11740.0,53.1158624,-27.8033806
397,11758.0,53.1932949,-27.8031068
398,11767.0,53.0199479,-27.8031704
399,11800.0,53.1613411,-27.8028699
400,11842.0,53.1641803,-27.8027385
401,11894.0,53.1860445,-27.802169
402,11923.0,53.0921218,-27.8018593
403,11943.0,53.0295202,-27.801661
404,11959.0,53.0309035,-27.8016639
405,12000.0,53.2118204,-27.801335
406,12002.0,53.1497369,-27.8011878
407,12146.0,53.0901083,-27.800048
408,12206.0,53.1313316,-27.7995158
409,12207.0,53.0567089,-27.7998304
410,12210.0,53.1525517,-27.8003728
411,12239.0,53.1295343,-27.7995852
412,12241.0,53.140459,-27.7990634
413,12254.0,53.1297725,-27.7991335
414,12266.0,53.1455764,-27.7988977
415,12291.0,53.0599949,-27.7988964
416,12337.0,53.15635,-27.7989733
417,12392.0,53.0173339,-27.7978119
418,12402.0,53.1479627,-27.7982944
419,12448.0,53.1679012,-27.7979524
420,12451.0,53.1576461,-27.799006
421,12470.0,53.1713235,-27.7978099
422,12511.0,53.0509677,-27.7973605
423,12516.0,53.0283434,-27.7975798
424,12529.0,53.1403058,-27.7975256
425,12530.0,53.0295241,-27.7968779
426,12543.0,53.0565492,-27.797
427,12550.0,53.0851425,-27.7969524
428,12567.0,53.1629988,-27.7976578
429,12596.0,53.1704262,-27.7972979
430,12616.0,53.1688136,-27.7969441
431,12624.0,53.1668951,-27.7987375
432,12668.0,53.1737646,-27.7963384
433,12670.0,53.1485141,-27.7969021
434,12672.0,53.0262486,-27.796537
435,12699.0,53.1993581,-27.7956105
436,12702.0,53.137771,-27.7955464
437,12743.0,53.1696872,-27.7970172
438,12751.0,53.1588038,-27.7971557
439,12752.0,53.124235,-27.7953628
440,12770.0,53.1405865,-27.7956178
441,12796.0,53.1433355,-27.7952658
442,12799.0,53.1746137,-27.7953789
443,12809.0,53.1526912,-27.7956332
444,12832.0,53.1270635,-27.7950472
445,12839.0,53.1674766,-27.7951916
446,12855.0,53.1807048,-27.7954255
447,12858.0,53.1516176,-27.796432
448,12893.0,53.1422421,-27.7954037
449,12938.0,53.1264602,-27.7942919
450,12988.0,53.0581816,-27.7938499
451,12999.0,53.1271236,-27.7938564
452,13012.0,53.1723848,-27.793924
453,13047.0,53.0257728,-27.7937863
454,13061.0,53.0947575,-27.793658
455,13066.0,53.1650674,-27.793659
456,13073.0,53.152572,-27.7938433
457,13137.0,53.121595,-27.7928059
458,13152.0,53.1741361,-27.7940052
459,13162.0,53.0996852,-27.7942891
460,13183.0,53.1679399,-27.7927261
461,13252.0,53.0391547,-27.7920767
462,13271.0,53.15126,-27.7924061
463,13295.0,53.043698,-27.7923478
464,13308.0,53.2112074,-27.7922827
465,13340.0,53.0808716,-27.79122
466,13373.0,53.1331413,-27.7910132
467,13397.0,53.1740405,-27.7910126
468,13414.0,53.1606476,-27.7917475
469,13506.0,53.1368873,-27.7906609
470,13508.0,53.1540401,-27.7908903
471,13552.0,53.1604174,-27.7903692
472,13586.0,53.1250836,-27.7907759
473,13587.0,53.1902054,-27.7898511
474,13649.0,53.149936,-27.7904637
475,13721.0,53.1915349,-27.7891755
476,13751.0,53.0287588,-27.7894815
477,13788.0,53.0293794,-27.788739
478,13811.0,53.2011498,-27.7881449
479,13849.0,53.1242079,-27.7887464
480,13854.0,53.1522822,-27.7879766
481,13871.0,53.1738666,-27.7884913
482,13975.0,53.1655341,-27.7881268
483,13994.0,53.1772202,-27.7873143
484,14020.0,53.0858345,-27.7874959
485,14037.0,53.1808219,-27.7873277
486,14040.0,53.1479843,-27.7876864
487,14042.0,53.1492899,-27.7885251
488,14091.0,53.1831289,-27.7871529
489,14096.0,53.0816285,-27.7864639
490,14191.0,53.1737242,-27.7871105
491,14195.0,53.0735026,-27.7867491
492,14196.0,53.1922316,-27.7860119
493,14198.0,53.2126632,-27.7859432
494,14257.0,53.1367862,-27.7860909
495,14258.0,53.1317111,-27.7855577
496,14263.0,53.1616646,-27.7874301
497,14309.0,53.1917166,-27.7851032
498,14329.0,53.0565042,-27.7854489
499,14332.0,53.2055306,-27.7855083
500,14362.0,53.2023117,-27.7854286
501,14378.0,53.1786763,-27.7849564
502,14424.0,53.1921752,-27.7845449
503,14447.0,53.0720176,-27.7856684
504,14456.0,53.1490505,-27.7850583
505,14479.0,53.1458986,-27.7846948
506,14505.0,53.0738287,-27.7841516
507,14524.0,53.1297986,-27.7840843
508,14533.0,53.1669704,-27.7847073
509,14586.0,53.1771584,-27.7840872
510,14587.0,53.1784856,-27.7840349
511,14598.0,53.186026,-27.7839912
512,14602.0,53.0610872,-27.7840825
513,14611.0,53.0758793,-27.7832983
514,14670.0,53.1822427,-27.7833118
515,14678.0,53.1842086,-27.7835066
516,14704.0,53.0622478,-27.7832656
517,14716.0,53.2163161,-27.7827106
518,14792.0,53.1298652,-27.7822552
519,14837.0,53.200552,-27.7820897
520,14908.0,53.2131802,-27.7820278
521,14932.0,53.0215553,-27.7814989
522,14947.0,53.1614335,-27.7817072
523,14949.0,53.0889221,-27.7819574
524,14969.0,53.1468878,-27.781772
525,15011.0,53.1817296,-27.7829921
526,15012.0,53.1743179,-27.7825209
527,15015.0,53.1490227,-27.7819584
528,15079.0,53.1301532,-27.7808609
529,15086.0,53.153464,-27.7809793
530,15139.0,53.1979638,-27.7800636
531,15163.0,53.190398,-27.7799557
532,15194.0,53.1173514,-27.7801034
533,15218.0,53.1428326,-27.7799186
534,15220.0,53.1332331,-27.7797913
535,15237.0,53.1305172,-27.7796859
536,15267.0,53.1528663,-27.7801208
537,15271.0,53.1453835,-27.7797453
538,15290.0,53.2216788,-27.7790585
539,15293.0,53.1545185,-27.7797185
540,15297.0,53.1820312,-27.7795452
541,15298.0,53.1449278,-27.7794791
542,15397.0,53.0384681,-27.7787308
543,15430.0,53.0403404,-27.7784914
544,15432.0,53.1461483,-27.779882
545,15482.0,53.1801971,-27.7790004
546,15485.0,53.1885272,-27.7788307
547,15517.0,53.1556467,-27.779298
548,15518.0,53.144492,-27.7790288
549,15547.0,53.1453477,-27.7788371
550,15555.0,53.1999385,-27.7776111
551,15558.0,53.1135923,-27.7774542
552,15565.0,53.1492089,-27.778801
553,15591.0,53.1582871,-27.7774498
554,15614.0,53.148896,-27.7775046
555,15622.0,53.2050479,-27.7768663
556,15656.0,53.0739969,-27.7777951
557,15750.0,53.1727984,-27.7763584
558,15766.0,53.1833664,-27.77611
559,15768.0,53.1833576,-27.7763826
560,15778.0,53.1304511,-27.7758809
561,15789.0,53.1538187,-27.7763367
562,15798.0,53.1600765,-27.7763563
563,15903.0,53.1305542,-27.7752126
564,15939.0,53.2038771,-27.7747849
565,15972.0,53.1595841,-27.7745731
566,16065.0,53.0522028,-27.7747699
567,16082.0,53.1833402,-27.7737757
568,16132.0,53.1441667,-27.7735519
569,16146.0,53.1987562,-27.7734031
570,16150.0,53.1507432,-27.7743444
571,16151.0,53.1584438,-27.7739679
572,16160.0,53.0781377,-27.7742133
573,16179.0,53.1639164,-27.7732174
574,16274.0,53.1310797,-27.773108
575,16277.0,53.1641949,-27.7729049
576,16280.0,53.0966979,-27.7723382
577,16281.0,53.1528773,-27.7724983
578,16328.0,53.0745564,-27.7724426
579,16338.0,53.0444591,-27.7717821
580,16346.0,53.1487142,-27.7729468
581,16428.0,53.2022045,-27.7711945
582,16430.0,53.1937948,-27.7712904
583,16437.0,53.1478141,-27.7713623
584,16444.0,53.1446546,-27.7711112
585,16486.0,53.2070942,-27.771283
586,16490.0,53.1316223,-27.7708717
587,16522.0,53.2034037,-27.7703306
588,16527.0,53.1560472,-27.7709472
589,16579.0,53.2010563,-27.7705086
590,16586.0,53.0469486,-27.7707033
591,16601.0,53.1135221,-27.7700281
592,16604.0,53.0730619,-27.7704602
593,16629.0,53.1544632,-27.7714349
594,16641.0,53.2290967,-27.7695828
595,16645.0,53.1514047,-27.7709887
596,16680.0,53.1442419,-27.7690585
597,16732.0,53.1522834,-27.7700851
598,16777.0,53.0953104,-27.7686668
599,16818.0,53.195221,-27.7678645
600,16827.0,53.1699386,-27.7683337
601,16841.0,53.1955206,-27.7680032
602,16844.0,53.0453957,-27.7681624
603,16899.0,53.0462976,-27.7673186
604,16905.0,53.0656058,-27.7678661
605,16934.0,53.1655647,-27.7697908
606,16970.0,53.1117888,-27.7671805
607,16985.0,53.0939231,-27.7677224
608,17027.0,53.153815,-27.7673086
609,17158.0,53.0962201,-27.766137
610,17172.0,53.1477776,-27.7656201
611,17227.0,53.1638739,-27.7653182
612,17255.0,53.1880661,-27.7646789
613,17284.0,53.1649178,-27.7651151
614,17338.0,53.1901118,-27.7640951
615,17354.0,53.0975043,-27.763926
616,17374.0,53.1721669,-27.7636447
617,17420.0,53.0343237,-27.7638417
618,17456.0,53.1474107,-27.763221
619,17488.0,53.0840687,-27.7636976
620,17673.0,53.14109,-27.7618482
621,17688.0,53.1521619,-27.7611656
622,17793.0,53.1676869,-27.7599315
623,17810.0,53.2062227,-27.7601994
624,17813.0,53.2242976,-27.7598852
625,17824.0,53.1722644,-27.7606224
626,17857.0,53.2062149,-27.7595009
627,17864.0,53.1003985,-27.7597631
628,17879.0,53.1411875,-27.7592428
629,17926.0,53.156738,-27.7589355
630,17937.0,53.1027626,-27.7593336
631,17973.0,53.1914751,-27.758522
632,17987.0,53.1652647,-27.7582955
633,18023.0,53.0905117,-27.7582571
634,18092.0,53.0138323,-27.7573587
635,18109.0,53.0371039,-27.7572421
636,18176.0,53.2189171,-27.7569345
637,18182.0,53.0139245,-27.7568165
638,18262.0,53.1512438,-27.755934
639,18320.0,53.013515,-27.7552331
640,18334.0,53.1503137,-27.7554931
641,18353.0,53.0994125,-27.7550251
642,18393.0,53.1028009,-27.756047
643,18406.0,53.2021641,-27.7549194
644,18426.0,53.0828728,-27.7549674
645,18493.0,53.2218942,-27.7541053
646,18509.0,53.0780465,-27.754003
647,18528.0,53.1878218,-27.7534326
648,18555.0,53.0229972,-27.753259
649,18609.0,53.1473444,-27.7534982
650,18691.0,53.1650104,-27.7518976
651,18705.0,53.1624941,-27.7519222
652,18882.0,53.0257109,-27.7505209
653,18936.0,53.0547987,-27.7503102
654,18980.0,53.0213353,-27.7504305
655,18991.0,53.0541037,-27.7499216
656,19051.0,53.0780445,-27.7496847
657,19104.0,53.1528762,-27.7492439
658,19149.0,53.1492273,-27.748589
659,19158.0,53.1938936,-27.7488334
660,19181.0,53.1105937,-27.7483843
661,19185.0,53.1264844,-27.7503101
662,19242.0,53.1937622,-27.7477866
663,19246.0,53.195443,-27.7475573
664,19262.0,53.1558189,-27.7491388
665,19274.0,53.1038531,-27.7476619
666,19276.0,53.0202879,-27.7476057
667,19314.0,53.1030673,-27.7472873
668,19323.0,53.2078637,-27.7471538
669,19413.0,53.2014646,-27.7470981
670,19425.0,53.0056418,-27.745532
671,19452.0,53.045839,-27.7498313
672,19494.0,53.1455307,-27.7451852
673,19498.0,53.1884485,-27.7451933
674,19504.0,53.1329149,-27.7458092
675,19520.0,53.2056534,-27.7449579
676,19548.0,53.0725566,-27.7444385
677,19549.0,53.0488214,-27.7456137
678,19630.0,53.0794733,-27.74419
679,19700.0,53.1949845,-27.7441628
680,19760.0,53.151297,-27.7429086
681,19797.0,53.1090119,-27.7425585
682,19802.0,53.1589172,-27.7426723
683,19809.0,53.1686572,-27.7421408
684,19824.0,53.0205794,-27.7421504
685,19833.0,53.0652325,-27.742898
686,19837.0,53.0639675,-27.7421614
687,19895.0,53.1620837,-27.7413974
688,19935.0,53.1508209,-27.7418206
689,19960.0,53.2017063,-27.7406781
690,20047.0,53.1117687,-27.7401548
691,20090.0,53.0478595,-27.7398248
692,20213.0,53.1088739,-27.7385708
693,20229.0,53.1810974,-27.7382506
694,20232.0,53.0478484,-27.7393913
695,20242.0,53.197031,-27.7381738
696,20253.0,53.1929134,-27.738362
697,20331.0,53.0953904,-27.737627
698,20343.0,53.0424586,-27.7378622
699,20401.0,53.0198402,-27.7367306
700,20417.0,53.1206151,-27.736584
701,20447.0,53.0454776,-27.7374923
702,20482.0,53.1924515,-27.7359928
703,20540.0,53.1000724,-27.7356157
704,20558.0,53.1708892,-27.73565
705,20568.0,53.0988163,-27.7365907
706,20628.0,53.1026958,-27.7354577
707,20659.0,53.1828388,-27.7349113
708,20672.0,53.1812832,-27.7341712
709,20790.0,53.1744481,-27.7332998
710,20792.0,53.0034534,-27.73347
711,20825.0,53.194143,-27.7333014
712,20831.0,53.0344919,-27.7334466
713,20834.0,53.1882684,-27.7337201
714,20861.0,53.1713081,-27.7329443
715,20884.0,53.0650061,-27.7326907
716,20905.0,53.1862944,-27.7336404
717,20936.0,53.1178322,-27.734301
718,21007.0,53.132624,-27.7322948
719,21098.0,53.1313598,-27.7307951
720,21103.0,53.0780132,-27.731026
721,21236.0,53.1818082,-27.7299209
722,21299.0,53.1722795,-27.7289391
723,21331.0,53.0467149,-27.7286995
724,21355.0,53.1773276,-27.7282356
725,21357.0,53.0442858,-27.7282001
726,21398.0,53.0145449,-27.7279195
727,21459.0,53.1857732,-27.7273466
728,21470.0,53.0914316,-27.727435
729,21527.0,53.0432933,-27.7271258
730,21564.0,53.1810888,-27.7268127
731,21568.0,53.0729921,-27.7268059
732,21624.0,53.090249,-27.7262749
733,21679.0,53.1809017,-27.7262834
734,21735.0,53.0628228,-27.7264618
735,21786.0,53.0182278,-27.7253215
736,21819.0,53.1251338,-27.7246933
737,21852.0,53.1888382,-27.725581
738,21891.0,53.0203681,-27.7246771
739,21897.0,53.142011,-27.7245651
740,21922.0,53.1745158,-27.7253593
741,21923.0,53.1926705,-27.7239803
742,21937.0,53.0065886,-27.7241686
743,22079.0,53.1619602,-27.722659
744,22123.0,53.1228269,-27.7228044
745,22236.0,53.10911,-27.7214939
746,22376.0,53.0656809,-27.7203816
747,22435.0,53.0578649,-27.7200877
748,22467.0,53.1819515,-27.7189167
749,22539.0,53.1873668,-27.7191868
750,22549.0,53.1253127,-27.7185316
751,22562.0,53.1291357,-27.7182978
752,22602.0,53.1653218,-27.7185377
753,22608.0,53.0935692,-27.7177291
754,22611.0,53.0586036,-27.7177039
755,22613.0,53.1160348,-27.7182855
756,22649.0,53.1539981,-27.7175581
757,22702.0,53.0408236,-27.7190648
758,22711.0,53.0437577,-27.7191636
759,22849.0,53.0705375,-27.6956544
760,22878.0,53.1536826,-27.7071838
761,22915.0,53.0208177,-27.7066669
762,22917.0,53.0315484,-27.7072734
763,23095.0,53.1604153,-27.7077479
764,23170.0,53.1574375,-27.7090163
765,23179.0,53.1305455,-27.7095715
766,23249.0,53.0404791,-27.7107155
767,23312.0,53.1121808,-27.7110372
768,23375.0,53.1173939,-27.710787
769,23449.0,53.1263786,-27.7112469
770,23482.0,53.0146121,-27.7125391
771,23486.0,53.1183841,-27.7129369
772,23509.0,53.1348328,-27.7133618
773,23567.0,53.1370142,-27.7128503
774,23568.0,53.0980823,-27.713706
775,23615.0,53.1680004,-27.7113536
776,23632.0,53.1171903,-27.7134094
777,23714.0,53.0104115,-27.7140792
778,23842.0,53.1390094,-27.7152869
779,23888.0,53.1231701,-27.7155784
780,24004.0,53.1592637,-27.6682332
781,24006.0,53.1405869,-27.6729781
782,24019.0,53.1420756,-27.6681991
783,24150.0,53.1679902,-27.6669552
784,24211.0,53.1317224,-27.6690133
785,24280.0,53.1015604,-27.6769226
786,24351.0,53.1636264,-27.6655092
787,24358.0,53.1580721,-27.6737668
788,24552.0,53.1205215,-27.6810337
789,24768.0,53.1036304,-27.6800937
790,24809.0,53.1234419,-27.6827284
791,24854.0,53.105437,-27.6868793
792,24884.0,53.156878,-27.6809828
793,24896.0,53.1456239,-27.6852483
794,24991.0,53.0858181,-27.6867475
795,25025.0,53.0827618,-27.6861444
796,25151.0,53.1433323,-27.6900943
797,25213.0,53.065133,-27.6898493
798,25239.0,53.1453579,-27.6902429
799,25285.0,53.1345631,-27.6906532
800,25308.0,53.0792916,-27.691369
801,25355.0,53.1124497,-27.692628
802,25391.0,53.0761694,-27.6916083
803,25478.0,53.111644,-27.6915545
804,25514.0,53.1613782,-27.6943473
805,25635.0,53.0408847,-27.6968594
806,25715.0,53.0946848,-27.6946506
807,25870.0,53.1135583,-27.6904778
808,25873.0,53.133659,-27.6986513
809,25952.0,53.1211362,-27.6980751
810,25981.0,53.01325,-27.6985961
811,26074.0,53.1087095,-27.7000536
812,26085.0,53.0740749,-27.700128
813,26136.0,53.1454344,-27.6980053
814,26222.0,53.1117066,-27.698995
815,26236.0,53.1133356,-27.6977131
816,26252.0,53.0942927,-27.7009161
817,26355.0,53.034484,-27.7032739
818,26459.0,53.1290229,-27.7021682
819,26464.0,53.1254021,-27.7033751
820,26474.0,53.033715,-27.7050711
821,26496.0,53.0206631,-27.7008296
822,26554.0,53.1411618,-27.7010895
823,26637.0,53.1048567,-27.7052183
824,26654.0,53.0626031,-27.7025194
825,26688.0,53.0948044,-27.7032234
826,26736.0,53.110028,-27.7078607
827,26766.0,53.0624063,-27.7069132
828,26774.0,53.1483754,-27.7043089
